{
  "best_global_step": null,
  "best_metric": null,
  "best_model_checkpoint": null,
  "epoch": 0.0028161081385525205,
  "eval_steps": 500,
  "global_step": 20,
  "is_hyper_param_search": false,
  "is_local_process_zero": true,
  "is_world_process_zero": true,
  "log_history": [
    {
      "epoch": 0.0007040270346381301,
      "grad_norm": 35.100929260253906,
      "learning_rate": 4.999061297287149e-05,
      "loss": 3.8554,
      "step": 5
    },
    {
      "epoch": 0.0014080540692762602,
      "grad_norm": 29.966201782226562,
      "learning_rate": 4.997887918896086e-05,
      "loss": 3.8226,
      "step": 10
    },
    {
      "epoch": 0.00211208110391439,
      "grad_norm": 39.490447998046875,
      "learning_rate": 4.996714540505023e-05,
      "loss": 3.4612,
      "step": 15
    },
    {
      "epoch": 0.0028161081385525205,
      "grad_norm": 40.29475402832031,
      "learning_rate": 4.9955411621139583e-05,
      "loss": 4.1774,
      "step": 20
    }
  ],
  "logging_steps": 5,
  "max_steps": 21306,
  "num_input_tokens_seen": 0,
  "num_train_epochs": 3,
  "save_steps": 10,
  "stateful_callbacks": {
    "TrainerControl": {
      "args": {
        "should_epoch_stop": false,
        "should_evaluate": false,
        "should_log": false,
        "should_save": true,
        "should_training_stop": false
      },
      "attributes": {}
    }
  },
  "total_flos": 465426432000.0,
  "train_batch_size": 2,
  "trial_name": null,
  "trial_params": null
}
